{
    "Sustainability Spotlight Darren Woods Chairman & CEO of ExxonMobil.mp4": {},
    "Jeff Bezos pledges 2 billion at COP26.mp4": {},
    "Microsoft CEO Satya Nadella on Microsoft\u2019s Commitment to Become Carbon Negative by 2030.mp4": {},
    "Tim Cook at Climate Summit Apple To Be Ready 20 Years Early.mp4": {
        "Admiration": 0.06770092993974686,
        "Adoration": 0.08592495322227478,
        "Aesthetic Appreciation": 0.03024718165397644,
        "Amusement": 0.5572942495346069,
        "Anger": 0.007412942126393318,
        "Anxiety": 0.0618186816573143,
        "Awe": 0.009389603510499,
        "Awkwardness": 0.23397895693778992,
        "Boredom": 0.0674428790807724,
        "Calmness": 0.08267567306756973,
        "Concentration": 0.017240773886442184,
        "Confusion": 0.025378024205565453,
        "Contemplation": 0.048164427280426025,
        "Contempt": 0.11846666038036346,
        "Contentment": 0.17727987468242645,
        "Craving": 0.02597353421151638,
        "Desire": 0.054259415715932846,
        "Determination": 0.01294789556413889,
        "Disappointment": 0.048354730010032654,
        "Disgust": 0.011295013129711151,
        "Distress": 0.07711822539567947,
        "Doubt": 0.06977611780166626,
        "Ecstasy": 0.1331045925617218,
        "Embarrassment": 0.15610280632972717,
        "Empathic Pain": 0.03302539512515068,
        "Entrancement": 0.04747946187853813,
        "Envy": 0.026393957436084747,
        "Excitement": 0.2100674957036972,
        "Fear": 0.023840028792619705,
        "Guilt": 0.019126104190945625,
        "Horror": 0.009923584759235382,
        "Interest": 0.1689455360174179,
        "Joy": 0.4607515335083008,
        "Love": 0.16682285070419312,
        "Nostalgia": 0.0652555599808693,
        "Pain": 0.03478808328509331,
        "Pride": 0.058601703494787216,
        "Realization": 0.02774028852581978,
        "Relief": 0.028546595945954323,
        "Romance": 0.08580105751752853,
        "Sadness": 0.08936315029859543,
        "Satisfaction": 0.17639052867889404,
        "Shame": 0.03313569724559784,
        "Surprise (negative)": 0.002561702625826001,
        "Surprise (positive)": 0.005193192046135664,
        "Sympathy": 0.06340063363313675,
        "Tiredness": 0.03834562376141548,
        "Triumph": 0.07091692090034485,
        "top_emotion": "Amusement"
    },
    "Sustainability Spotlight Tamara Lundgren Chairman President & CEO of Schnitzer Steel.mp4": {},
    "Investing in Employees Jim Burke President and Chief Executive Officer of Vistra Corp.mp4": {},
    "Chevron CEO Mike Wirth Environmental protection and affordable reliable energy are essential.mp4": {},
    "Interview with Matt Granitto Evoqua Water Technologies.mp4": {
        "Admiration": 0.022891467437148094,
        "Adoration": 0.02650453895330429,
        "Aesthetic Appreciation": 0.00956262368708849,
        "Amusement": 0.12004490196704865,
        "Anger": 0.01741001568734646,
        "Anxiety": 0.11887119710445404,
        "Awe": 0.024983786046504974,
        "Awkwardness": 0.15428368747234344,
        "Boredom": 0.09158389270305634,
        "Calmness": 0.04233065992593765,
        "Concentration": 0.023586276918649673,
        "Confusion": 0.07491989433765411,
        "Contemplation": 0.034425415098667145,
        "Contempt": 0.04868820309638977,
        "Contentment": 0.027690818533301353,
        "Craving": 0.0358564667403698,
        "Desire": 0.2750574052333832,
        "Determination": 0.015279690735042095,
        "Disappointment": 0.12969127297401428,
        "Disgust": 0.0388169027864933,
        "Distress": 0.24702490866184235,
        "Doubt": 0.07188833504915237,
        "Ecstasy": 0.24886275827884674,
        "Embarrassment": 0.13063733279705048,
        "Empathic Pain": 0.0991576761007309,
        "Entrancement": 0.026470109820365906,
        "Envy": 0.005975373089313507,
        "Excitement": 0.06516470015048981,
        "Fear": 0.17139042913913727,
        "Guilt": 0.06502041965723038,
        "Horror": 0.07190880179405212,
        "Interest": 0.06341059505939484,
        "Joy": 0.08922963589429855,
        "Love": 0.04341047629714012,
        "Nostalgia": 0.022142328321933746,
        "Pain": 0.2291736602783203,
        "Pride": 0.022441614419221878,
        "Realization": 0.06456872820854187,
        "Relief": 0.0640292838215828,
        "Romance": 0.09213750809431076,
        "Sadness": 0.10210607200860977,
        "Satisfaction": 0.2318786233663559,
        "Shame": 0.06151864677667618,
        "Surprise (negative)": 0.02120022661983967,
        "Surprise (positive)": 0.013425872661173344,
        "Sympathy": 0.02467062510550022,
        "Tiredness": 0.11880373954772949,
        "Triumph": 0.03432665020227432,
        "top_emotion": "Desire"
    },
    "Nuclear has to be a part of the transition to carbon-free economy Southern Company CEO Chris Womack.mp4": {
        "Admiration": 0.03385271783918142,
        "Adoration": 0.02139599248766899,
        "Aesthetic Appreciation": 0.01757086254656315,
        "Amusement": 0.12122217938303947,
        "Anger": 0.10954050347208977,
        "Anxiety": 0.09933862090110779,
        "Awe": 0.047025758773088455,
        "Awkwardness": 0.09687310457229614,
        "Boredom": 0.0964835025370121,
        "Calmness": 0.047025181353092194,
        "Concentration": 0.027191313449293375,
        "Confusion": 0.042519194073975086,
        "Contemplation": 0.03934987122192979,
        "Contempt": 0.11179210618138313,
        "Contentment": 0.040928689762949944,
        "Craving": 0.02505215723067522,
        "Desire": 0.1588398441672325,
        "Determination": 0.04339318722486496,
        "Disappointment": 0.15959371998906136,
        "Disgust": 0.062239618971943855,
        "Distress": 0.22982344776391983,
        "Doubt": 0.056241181679069996,
        "Ecstasy": 0.14752069488167763,
        "Embarrassment": 0.07354135625064373,
        "Empathic Pain": 0.07971294224262238,
        "Entrancement": 0.03158784005790949,
        "Envy": 0.017245510825887322,
        "Excitement": 0.11192972213029861,
        "Fear": 0.17428137734532356,
        "Guilt": 0.04044473357498646,
        "Horror": 0.1381773240864277,
        "Interest": 0.06773743778467178,
        "Joy": 0.11561272293329239,
        "Love": 0.046450551599264145,
        "Nostalgia": 0.01703809481114149,
        "Pain": 0.20503490418195724,
        "Pride": 0.05606834311038256,
        "Realization": 0.07011264469474554,
        "Relief": 0.08205164968967438,
        "Romance": 0.050683511421084404,
        "Sadness": 0.06525220349431038,
        "Satisfaction": 0.15461544692516327,
        "Shame": 0.06409726478159428,
        "Surprise (negative)": 0.05079670622944832,
        "Surprise (positive)": 0.044483035802841187,
        "Sympathy": 0.026208107359707355,
        "Tiredness": 0.11748594418168068,
        "Triumph": 0.06526877172291279,
        "top_emotion": "Distress"
    },
    "How Duke Energy Is Planning for a Renewable Future.mp4": {
        "Admiration": 0.027424171566963196,
        "Adoration": 0.023786401376128197,
        "Aesthetic Appreciation": 0.014812570996582508,
        "Amusement": 0.15037153661251068,
        "Anger": 0.15097354352474213,
        "Anxiety": 0.11287490278482437,
        "Awe": 0.0522385872900486,
        "Awkwardness": 0.13742820918560028,
        "Boredom": 0.08785291761159897,
        "Calmness": 0.07276604324579239,
        "Concentration": 0.04162323847413063,
        "Confusion": 0.09180663526058197,
        "Contemplation": 0.036321382969617844,
        "Contempt": 0.2729751169681549,
        "Contentment": 0.04181728884577751,
        "Craving": 0.019716743379831314,
        "Desire": 0.0441354364156723,
        "Determination": 0.10639721900224686,
        "Disappointment": 0.20252138376235962,
        "Disgust": 0.12014660984277725,
        "Distress": 0.21681733429431915,
        "Doubt": 0.13868308067321777,